{
    "Accuracy": 0.9998836837360784,
    "Recall": 0.9999394658466306,
    "Precision": 0.9999152542372881,
    "F1 Score": 0.9999273598953983,
    "Training Time": 23.18173575401306
}