{
    "Accuracy": 0.9998933767580719,
    "Recall": 0.9999515726773045,
    "Precision": 0.9999152552632534,
    "F1 Score": 0.9999334136405184,
    "Training Time": 51.053587198257446
}