{
    "Accuracy": 0.9984685182571411,
    "Recall": 0.9995762705802917,
    "Precision": 0.9985124468803406,
    "F1 Score": 0.970975399017334,
    "Training Time": 570.956307888031
}