{
    "Accuracy": 0.9991664290428162,
    "Recall": 0.9997215270996094,
    "Precision": 0.9992376565933228,
    "F1 Score": 0.9863563776016235,
    "Training Time": 701.3316469192505
}