{
    "Accuracy": 0.9992148876190186,
    "Recall": 0.9996731281280518,
    "Precision": 0.9993464350700378,
    "F1 Score": 0.9753438830375671,
    "Training Time": 1117.1759312152863
}