{
    "Accuracy": 0.9991082549095154,
    "Recall": 0.99961256980896,
    "Precision": 0.9992738366127014,
    "F1 Score": 0.9395043253898621,
    "Training Time": 244.8801884651184
}