{
    "Accuracy": 0.9994668960571289,
    "Recall": 0.9998789429664612,
    "Precision": 0.999455451965332,
    "F1 Score": 0.9714382886886597,
    "Training Time": 1242.334972858429
}