{
    "Accuracy": 0.9990403652191162,
    "Recall": 0.999648928642273,
    "Precision": 0.9991529583930969,
    "F1 Score": 0.99139404296875,
    "Training Time": 411.7291929721832
}