{
    "Accuracy": 0.9992536306381226,
    "Recall": 0.99980628490448,
    "Precision": 0.9992618560791016,
    "F1 Score": 0.9221810698509216,
    "Training Time": 519.52658867836
}