{
    "Accuracy": 0.9970824122428894,
    "Recall": 0.99990314245224,
    "Precision": 0.9964649081230164,
    "F1 Score": 0.918995201587677,
    "Training Time": 97.3099114894867
}