{
    "Accuracy": 0.997295618057251,
    "Recall": 0.9994794130325317,
    "Precision": 0.9971494674682617,
    "F1 Score": 0.9082980751991272,
    "Training Time": 284.65802669525146
}