{
    "Accuracy": 0.9966946840286255,
    "Recall": 0.9999394416809082,
    "Precision": 0.995948314666748,
    "F1 Score": 0.9971868991851807,
    "Training Time": 144.77911138534546
}