{
    "Accuracy": 0.9967334270477295,
    "Recall": 0.999745786190033,
    "Precision": 0.9961878657341003,
    "F1 Score": 0.9882210493087769,
    "Training Time": 101.15699791908264
}