{
    "Accuracy": 0.9992245435714722,
    "Recall": 0.9998668432235718,
    "Precision": 0.9991652369499207,
    "F1 Score": 0.9364207983016968,
    "Training Time": 416.0529000759125
}