{
    "Accuracy": 0.9993118047714233,
    "Recall": 0.9997699856758118,
    "Precision": 0.9993706941604614,
    "F1 Score": 0.9266773462295532,
    "Training Time": 661.6652898788452
}