{
    "Accuracy": 0.9989696858686693,
    "Recall": 0.9982603653232821,
    "Precision": 0.9991294254207778,
    "F1 Score": 0.9986947063089195,
    "Training Time": 18.277586221694946
}