{
    "Accuracy": 0.9989467899990842,
    "Recall": 0.9982603653232821,
    "Precision": 0.9990714410074865,
    "F1 Score": 0.998665738484743,
    "Training Time": 9.65190315246582
}