{
    "Accuracy": 0.9961227912026133,
    "Recall": 0.9993946584663067,
    "Precision": 0.9957779439793482,
    "F1 Score": 0.9975830231546382,
    "Training Time": 3.519531488418579
}