{
    "Accuracy": 0.9963166516424826,
    "Recall": 0.9996246882491101,
    "Precision": 0.9957909209320276,
    "F1 Score": 0.9977041217057168,
    "Training Time": 1111.4244894981384
}