{
    "Accuracy": 0.8876481820737251,
    "Recall": 0.9992372696675464,
    "Precision": 0.877443840830082,
    "F1 Score": 0.9343884615166902,
    "Training Time": 5009.471753120422
}