{
    "Accuracy": 0.9964523539503911,
    "Recall": 0.999552047265067,
    "Precision": 0.9960308843044999,
    "F1 Score": 0.9977883592768055,
    "Training Time": 1825.6258988380432
}