{
    "Accuracy": 0.9892310525652582,
    "Recall": 0.9989951330540691,
    "Precision": 0.9876949594819434,
    "F1 Score": 0.993312908914717,
    "Training Time": 4577.213117361069
}