{
    "SVM": 0.9963166516424826,
    "Linear SVM": 0.9961227912026133,
    "Random Forest": 0.9998933767580719,
    "DNN": 0.9970824122428894,
    "CNN": 0.999166429042816
}