{
    "SVM" : {
        "Accuracy": 0.9961227912026133,
        "Recall": 0.9993946584663067,
        "Precision": 0.9957779439793482,
        "F1 Score": 0.9975830231546382
    },
    "RF" : {
        "Accuracy": 0.9998933767580719,
        "Recall": 0.9999515726773045,
        "Precision": 0.9999152552632534,
        "F1 Score": 0.9999334136405184
    },
    "DNN" : {
        "Accuracy": 0.9992245435714722,
        "Recall": 0.9998668432235718,
        "Precision": 0.9991652369499207,
        "F1 Score": 0.9364207983016968
    },
    "CNN" : {
        "Accuracy": 0.9991664290428162,
        "Recall": 0.9997215270996094,
        "Precision": 0.9992376565933228,
        "F1 Score": 0.9863563776016235
    }
}