{
    "SVM": 0.9977041217057168,
    "Linear SVM": 0.9975830231546382,
    "Random Forest": 0.9999334136405184,
    "DNN": 0.918995201587677,
    "CNN": 0.9863563776016235
}