{
    "SVM": 0.9957909209320276,
    "Linear SVM": 0.9957779439793482,
    "Random Forest": 0.9999152552632534,
    "DNN": 0.9964649081230164,
    "CNN": 0.9992376565933228
}