{
    "SVM": 0.9996246882491101,
    "Linear SVC": 0.9993946584663067,
    "Random Forest": 0.9999515726773045,
    "DNN": 0.99990314245224,
    "CNN": 0.9997215270996094
}