{
    "SVM": 1111.4244894981384,
    "Linear SVC": 2.7974891662597656,
    "Random Forest": 51.053587198257446,
    "DNN": 97.3099114894867,
    "CNN": 701.3316469192505
}